Sofia Province,Sofia City
Plovdiv,Plovdiv
Varna,Varna
Burgas,Burgas
Ruse,Ruse
Stara Zagora,Stara Zagora
Pleven,Pleven
Sliven,Sliven
Dobrich,Dobrich
Shumen,Shumen
Pernik,Pernik
Haskovo,Haskovo
Blagoevgrad,Blagoevgrad
Yambol,Yambol
Veliko Tarnovo,Veliko Tarnovo
Pazardzhik,Pazardzhik
Vratsa,Vratsa
Asenovgrad,Plovdiv
Gabrovo,Gabrovo
Kazanluk,Stara Zagora
Kardzhali,Kardzhali
Montana,Montana
Kyustendil,Kyustendil
Vidin,Vidin
Targovishte,Targovishte
Dimitrovgrad,Haskovo
Razgrad,Razgrad
Lovech,Lovech
Silistra,Silistra
Dupnitsa,Kyustendil
Petrich,Blagoevgrad
Gorna Oryahovitsa,Veliko Tarnovo
Smolyan,Smolyan
Samokov,Sofia Province
Sandanski,Blagoevgrad
Velingrad,Pazardzhik
Sevlievo,Gabrovo
Lom,Montana
Karlovo,Plovdiv
Velingrad,Pazardzhik
Nova Zagora,Sliven
Troyan,Lovech
Aytos,Burgas
Botevgrad,Sofia Province
Gotse Delchev,Blagoevgrad
Peshtera,Pazardzhik
Harmanli,Haskovo
Karnobat,Burgas
Svilengrad,Haskovo
Panagyurishte,Pazardzhik
Chirpan,Stara Zagora
Popovo,Targovishte
Rakovski,Plovdiv
Radomir,Pernik
Novi Iskar,Sofia City
Kozloduy,Vratsa
Parvomay,Plovdiv
Berkovitsa,Montana
Cherven Bryag,Pleven
Pomorie,Burgas
Ihtiman,Sofia Province
Radnevo,Stara Zagora
Provadiya,Varna
Novi Pazar,Shumen
Razlog,Blagoevgrad
Byala Slatina,Vratsa
Nesebar,Burgas
Balchik,Dobrich
Kostinbrod,Sofia Province
Stamboliyski,Plovdiv
Kavarna,Dobrich
Knezha,Pleven
Pavlikeni,Veliko Tarnovo
Mezdra,Vratsa
Etropole,Sofia Province
Levski,Pleven
Teteven,Lovech
Elhovo,Yambol
Bankya,Sofia City
Tryavna,Gabrovo
Lukovit,Lovech
Tutrakan,Silistra
Sredets,Burgas
Sopot,Plovdiv
Byala,Ruse
Veliki Preslav,Shumen
Isperih,Razgrad
Belene,Pleven
Omurtag,Targovishte
Bansko,Blagoevgrad
Krichim,Plovdiv
Galabovo,Stara Zagora
Devnya,Varna
Septemvri,Pazardzhik
Rakitovo,Pazardzhik
Lyaskovets,Veliko Tarnovo
Svoge,Sofia Province
Aksakovo,Varna
Kubrat,Razgrad
Dryanovo,Gabrovo
Beloslav,Varna
Pirdop,Sofia Province
Lyubimets,Haskovo
Momchilgrad,Kardzhali
Slivnitsa,Sofia Province
Hisarya,Plovdiv
Zlatograd,Smolyan
Kostenets,Sofia Province
Devin,Smolyan
General Toshevo,Dobrich
Simeonovgrad,Haskovo
Simitli,Blagoevgrad
Elin Pelin,Sofia Province
Dolni Chiflik,Varna
Tervel,Dobrich
Dulovo,Silistra
Varshets,Montana
Kotel,Sliven
Madan,Smolyan
Straldzha,Yambol
Saedinenie,Plovdiv
Bobov Dol,Kyustendil
Tsarevo,Burgas
Kuklen,Plovdiv
Tvarditsa,Sliven
Yakoruda,Blagoevgrad
Elena,Veliko Tarnovo
Topolovgrad,Haskovo
Bozhurishte,Sofia Province
Chepelare,Smolyan
Oryahovo,Vratsa
Sozopol,Burgas
Belogradchik,Vidin
Perushtitsa,Plovdiv
Zlatitsa,Sofia Province
Strazhitsa,Veliko Tarnovo
Krumovgrad,Kardzhali
Kameno,Burgas
Dalgopol,Varna
Vetovo,Ruse
Suvorovo,Varna
Dolni Dabnik,Pleven
Dolna Banya,Sofia Province
Pravets,Sofia Province
Nedelino,Smolyan
Polski Trambesh,Veliko Tarnovo
Trastenik,Pleven
Bratsigovo,Pazardzhik
Koynare,Pleven
Godech,Sofia Province
Slavyanovo,Pleven
Dve Mogili,Ruse
Kostandovo,Pazardzhik
Debelets,Veliko Tarnovo
Strelcha,Pazardzhik
Sapareva Banya,Kyustendil
Ignatievo,Varna
Smyadovo,Shumen
Breznik,Pernik
Sveti Vlas,Burgas
Nikopol,Pleven
Shivachevo,Sliven
Belovo,Pazardzhik
Tsar Kaloyan,Razgrad
Ivaylovgrad,Haskovo
Valchedram,Montana
Marten,Ruse
Glodzhevo,Ruse
Sarnitsa,Pazardzhik
Letnitsa,Lovech
Varbitsa,Shumen
Iskar,Pleven
Ardino,Kardzhali
Shabla,Dobrich
Rudozem,Smolyan
Vetren,Pazardzhik
Kresna,Blagoevgrad
Banya,Plovdiv
Batak,Pazardzhik
Maglizh,Stara Zagora
Valchi Dol,Varna
Gulyantsi,Pleven
Dragoman,Sofia Province
Zavet,Razgrad
Kran,Stara Zagora
Miziya,Vratsa
Primorsko,Burgas
Sungurlare,Burgas
Dolna Mitropoliya,Pleven
Krivodol,Vratsa
Kula,Vidin
Kalofer,Plovdiv
Slivo Pole,Ruse
Kaspichan,Shumen
Apriltsi,Lovech
Belitsa,Blagoevgrad
Roman,Vratsa
Dzhebel,Kardzhali
Dolna Oryahovitsa,Veliko Tarnovo
Buhovo,Sofia City
Gurkovo,Stara Zagora
Pavel Banya,Stara Zagora
Nikolaevo,Stara Zagora
Yablanitsa,Lovech
Kableshkovo,Burgas
Opaka,Targovishte
Rila,Kyustendil
Ugarchin,Lovech
Dunavtsi,Vidin
Dobrinishte,Blagoevgrad
Hadzhidimovo,Blagoevgrad
Bregovo,Vidin
Byala Cherkva,Veliko Tarnovo
Zlataritsa,Veliko Tarnovo
Kocherinovo,Kyustendil
Dospat,Smolyan
Tran,Pernik
Sadovo,Plovdiv
Laki,Plovdiv
Koprivshtitsa,Sofia Province
Malko Tarnovo,Burgas
Loznitsa,Razgrad
Obzor,Burgas
Kilifarevo,Veliko Tarnovo
Borovo,Ruse
Batanovtsi,Pernik
Chernomorets,Burgas
Aheloy,Burgas
Byala,Varna
Pordim,Pleven
Suhindol,Veliko Tarnovo
Merichleri,Haskovo
Glavinitsa,Silistra
Chiprovtsi,Montana
Kermen,Sliven
Brezovo,Plovdiv
Plachkovtsi,Gabrovo
Zemen,Pernik
Balgarovo,Burgas
Alfatar,Silistra
Boychinovtsi,Montana
Gramada,Vidin
Senovo,Ruse
Momin Prohod,Sofia Province
Kaolinovo,Shumen
Shipka,Stara Zagora
Antonovo,Targovishte
Ahtopol,Burgas
Boboshevo,Kyustendil
Bolyarovo,Yambol
Brusartsi,Montana
Klisura,Plovdiv
Dimovo,Vidin
Kiten,Burgas
Pliska,Shumen
Madzharovo,Haskovo
Melnik,Blagoevgrad
